exp,model,task,test,n,accuracy,precision_macro,recall_macro,f1_macro,scam_recall,false_alarm_rate,roc_auc,ece,train_secs,char,features,normalizer,e2_seed_mean,e2_seed_std,e2_seeds
E1,nb,binary,test_uci,968,0.9835,0.9595,0.9082,0.9321,0.8209,0.0044,0.9587,0.0079,1.6,True,True,True,,,
E2,nb,binary,test_indian,6061,0.6148,0.6431,0.7544,0.5791,0.5442,0.0354,0.9104,0.3024,1.6,True,True,True,,,
E1,lr,binary,test_uci,968,0.9845,0.9675,0.9088,0.9359,0.8209,0.0033,0.9888,0.0053,2.1,True,True,True,,,
E2,lr,binary,test_indian,6061,0.6519,0.6532,0.7744,0.6093,0.59,0.0413,0.9402,0.2247,2.1,True,True,True,,,
E1,svm,binary,test_uci,968,0.9845,0.9675,0.9088,0.9359,0.8209,0.0033,0.989,0.0035,1.7,True,True,True,,,
E2,svm,binary,test_indian,6061,0.6565,0.6552,0.7779,0.6133,0.5952,0.0393,0.9432,0.22,1.7,True,True,True,,,
E3,nb,binary,test_uci,968,0.9773,0.9118,0.9118,0.9118,0.8358,0.0122,0.9695,0.0313,4.9,True,True,True,,,
E3,nb,binary,test_ms,211,0.9763,0.9765,0.9753,0.9759,0.9832,0.0326,0.9957,0.0842,4.9,True,True,True,,,
E3,nb,binary,test_indian,6061,0.9663,0.9389,0.9409,0.9399,0.9792,0.0973,0.9849,0.0696,4.9,True,True,True,,,
E3,lr,binary,test_uci,968,0.9855,0.9439,0.9439,0.9439,0.8955,0.0078,0.994,0.0161,6.0,True,True,True,,,
E3,lr,binary,test_ms,211,0.9953,0.9958,0.9946,0.9952,1.0,0.0109,0.9998,0.0205,6.0,True,True,True,,,
E3,lr,binary,test_indian,6061,0.9814,0.971,0.9617,0.9663,0.9913,0.0678,0.9909,0.0095,6.0,True,True,True,,,
E3,svm,binary,test_uci,968,0.9866,0.9401,0.9582,0.9489,0.9254,0.0089,0.9929,0.0122,5.4,True,True,True,,,
E3,svm,binary,test_ms,211,0.9905,0.9904,0.9904,0.9904,0.9916,0.0109,0.9999,0.0132,5.4,True,True,True,,,
E3,svm,binary,test_indian,6061,0.9835,0.9759,0.9646,0.9701,0.9931,0.0639,0.9914,0.0089,5.4,True,True,True,,,
E3,nb,multi,test_uci,968,0.9711,0.9442,0.8463,0.8889,0.791,0.0089,,0.0481,5.0,True,True,True,,,
E3,nb,multi,test_ms,211,0.9194,0.8778,0.9213,0.893,0.9748,0.0109,0.9857,0.0656,5.0,True,True,True,,,
E3,nb,multi,test_indian,6061,0.9063,0.8778,0.9087,0.8917,0.9726,0.0875,0.971,0.0428,5.0,True,True,True,,,
E3,lr,multi,test_uci,968,0.9793,0.9843,0.8577,0.9108,0.8507,0.0011,,0.0301,12.1,True,True,True,,,
E3,lr,multi,test_ms,211,0.9336,0.8901,0.9158,0.9006,0.9832,0.0,0.9869,0.0607,12.1,True,True,True,,,
E3,lr,multi,test_indian,6061,0.9548,0.9432,0.9495,0.9462,0.9847,0.0354,0.9883,0.0476,12.1,True,True,True,,,
E3,svm,multi,test_uci,968,0.9804,0.9758,0.872,0.9171,0.8657,0.0022,,0.0275,6.9,True,True,True,,,
E3,svm,multi,test_ms,211,0.9384,0.8966,0.9277,0.9089,0.9832,0.0,0.9908,0.0457,6.9,True,True,True,,,
E3,svm,multi,test_indian,6061,0.9568,0.9482,0.9499,0.949,0.9887,0.0383,0.9904,0.0256,6.9,True,True,True,,,
E1,distilbert,binary,test_uci,968,0.9907,0.9732,0.9536,0.9632,0.9104,0.0033,0.9844,0.0055,53.1,False,False,False,,,
E2,distilbert,binary,test_indian,6061,0.9515,0.8982,0.941,0.9177,0.9568,0.0747,0.9691,0.0336,53.1,False,False,False,,,
E3,distilbert,binary,test_uci,968,0.9866,0.9565,0.9375,0.9468,0.8806,0.0055,0.9901,0.0108,115.5,False,False,False,,,
E3,distilbert,binary,test_ms,211,0.9953,0.9958,0.9946,0.9952,1.0,0.0109,0.9999,0.0051,115.5,False,False,False,,,
E3,distilbert,binary,test_indian,6061,0.9819,0.9668,0.9683,0.9676,0.9887,0.0521,0.9949,0.0119,115.5,False,False,False,,,
E3,rnn,binary,test_uci,968,0.9638,0.8369,0.9322,0.8773,0.8955,0.0311,0.9666,0.0237,9.8,False,False,False,,,
E3,rnn,binary,test_ms,211,0.9905,0.9917,0.9891,0.9903,1.0,0.0217,1.0,0.0068,9.8,False,False,False,,,
E3,rnn,binary,test_indian,6061,0.9592,0.9258,0.9288,0.9273,0.9746,0.117,0.972,0.0283,9.8,False,False,False,,,
E3,rnn_attn,binary,test_uci,968,0.9804,0.9215,0.9273,0.9244,0.8657,0.0111,0.9819,0.0139,15.2,False,False,False,,,
E3,rnn_attn,binary,test_ms,211,0.9905,0.9894,0.9916,0.9904,0.9832,0.0,0.9995,0.0057,15.2,False,False,False,,,
E3,rnn_attn,binary,test_indian,6061,0.9673,0.935,0.9505,0.9425,0.9758,0.0747,0.9853,0.0213,15.2,False,False,False,,,
E3,lstm,binary,test_uci,968,0.9742,0.8779,0.9447,0.908,0.9104,0.0211,0.9884,0.0151,15.7,False,False,False,,,
E3,lstm,binary,test_ms,211,0.9953,0.9958,0.9946,0.9952,1.0,0.0109,1.0,0.0048,15.7,False,False,False,,,
E3,lstm,binary,test_indian,6061,0.9698,0.9483,0.943,0.9456,0.9833,0.0973,0.988,0.0216,15.7,False,False,False,,,
E3,lstm_attn,binary,test_uci,968,0.9814,0.9186,0.9417,0.9298,0.8955,0.0122,0.9906,0.0131,21.7,False,False,False,,,
E3,lstm_attn,binary,test_ms,211,0.9905,0.9894,0.9916,0.9904,0.9832,0.0,0.9998,0.0068,21.7,False,False,False,,,
E3,lstm_attn,binary,test_indian,6061,0.9723,0.945,0.9574,0.9511,0.9798,0.0649,0.9882,0.0203,21.7,False,False,False,,,
E1,rnn,binary,test_uci,968,0.97,0.8722,0.9079,0.8891,0.8358,0.02,0.932,0.0183,7.8,False,False,False,,,
E2,rnn,binary,test_indian,6061,0.6011,0.6254,0.7234,0.5626,0.5393,0.0924,0.7705,0.3483,7.8,False,False,False,0.4633,0.09,5.0
E1,rnn_attn,binary,test_uci,968,0.9752,0.8958,0.9176,0.9064,0.8507,0.0155,0.9744,0.0196,6.8,False,False,False,,,
E2,rnn_attn,binary,test_indian,6061,0.4074,0.5875,0.6204,0.4023,0.2998,0.059,0.7169,0.5321,6.8,False,False,False,0.5161,0.1048,5.0
E1,lstm,binary,test_uci,968,0.9814,0.9186,0.9417,0.9298,0.8955,0.0122,0.9807,0.0117,7.6,False,False,False,,,
E2,lstm,binary,test_indian,6061,0.701,0.6626,0.7866,0.6462,0.6578,0.0846,0.894,0.2296,7.6,False,False,False,0.6167,0.1091,5.0
E1,lstm_attn,binary,test_uci,968,0.968,0.8532,0.9344,0.8887,0.8955,0.0266,0.9703,0.0166,9.1,False,False,False,,,
E2,lstm_attn,binary,test_indian,6061,0.642,0.6412,0.7527,0.5972,0.586,0.0806,0.8626,0.2839,9.1,False,False,False,0.6224,0.1501,5.0
