exp,model,task,test,n,accuracy,precision_macro,recall_macro,f1_macro,scam_recall,false_alarm_rate,roc_auc,ece,train_secs,char,features,normalizer
E1,nb,binary,test_uci,968,0.9835,0.9595,0.9082,0.9321,0.8209,0.0044,0.9587,0.0079,1.6,True,True,True
E2,nb,binary,test_indian,6061,0.6148,0.6431,0.7544,0.5791,0.5442,0.0354,0.9104,0.3024,1.6,True,True,True
E1,lr,binary,test_uci,968,0.9845,0.9675,0.9088,0.9359,0.8209,0.0033,0.9888,0.0053,2.1,True,True,True
E2,lr,binary,test_indian,6061,0.6519,0.6532,0.7744,0.6093,0.59,0.0413,0.9402,0.2247,2.1,True,True,True
E1,svm,binary,test_uci,968,0.9845,0.9675,0.9088,0.9359,0.8209,0.0033,0.989,0.0035,2.0,True,True,True
E2,svm,binary,test_indian,6061,0.6565,0.6552,0.7779,0.6133,0.5952,0.0393,0.9432,0.22,2.0,True,True,True
E3,nb,binary,test_uci,968,0.9762,0.8978,0.9251,0.9109,0.8657,0.0155,0.9691,0.0049,4.3,True,True,True
E3,nb,binary,test_ms,211,0.9858,0.9877,0.9837,0.9855,1.0,0.0326,0.9986,0.0273,4.3,True,True,True
E3,nb,binary,test_indian,6061,0.9698,0.9486,0.9426,0.9456,0.9835,0.0983,0.9842,0.0098,4.3,True,True,True
E3,lr,binary,test_uci,968,0.9886,0.9714,0.9386,0.9543,0.8806,0.0033,0.9927,0.0062,5.2,True,True,True
E3,lr,binary,test_ms,211,1.0,1.0,1.0,1.0,1.0,0.0,1.0,0.0166,5.2,True,True,True
E3,lr,binary,test_indian,6061,0.9832,0.972,0.9675,0.9697,0.9911,0.056,0.9896,0.0101,5.2,True,True,True
E3,svm,binary,test_uci,968,0.9886,0.9649,0.9455,0.955,0.8955,0.0044,0.9908,0.0073,4.6,True,True,True
E3,svm,binary,test_ms,211,1.0,1.0,1.0,1.0,1.0,0.0,1.0,0.0138,4.6,True,True,True
E3,svm,binary,test_indian,6061,0.9856,0.9759,0.9725,0.9742,0.9923,0.0472,0.9899,0.0103,4.6,True,True,True
E3,nb,multi,test_uci,968,0.9721,0.9394,0.8607,0.8961,0.8358,0.01,,0.0505,4.3,True,True,True
E3,nb,multi,test_ms,211,0.9242,0.8814,0.9249,0.8969,0.9832,0.0109,0.9846,0.0736,4.3,True,True,True
E3,nb,multi,test_indian,6061,0.9187,0.8979,0.9104,0.9039,0.9784,0.0905,0.9722,0.017,4.3,True,True,True
E3,lr,multi,test_uci,968,0.9783,0.9846,0.8502,0.9059,0.8657,0.0011,,0.0322,11.9,True,True,True
E3,lr,multi,test_ms,211,0.9242,0.876,0.9002,0.8859,0.9832,0.0,0.9899,0.0887,11.9,True,True,True
E3,lr,multi,test_indian,6061,0.9569,0.9479,0.9495,0.9486,0.9869,0.0374,0.9883,0.052,11.9,True,True,True
E3,svm,multi,test_uci,968,0.9773,0.9578,0.8635,0.905,0.8806,0.0044,,0.0265,6.2,True,True,True
E3,svm,multi,test_ms,211,0.9289,0.8794,0.9121,0.8921,1.0,0.0,0.9922,0.0608,6.2,True,True,True
E3,svm,multi,test_indian,6061,0.9592,0.9523,0.9509,0.9516,0.9901,0.0423,0.9899,0.0327,6.2,True,True,True
